Draft_Yr,Rnd,Pick,Tm,Player,Pos,Age,To,AP1,PB,St,CarAV,DrAV,G,Cmp,Att,Yds,TD,Int,Rush_Att,Rush_Yds,Rush_TD,Rec,Rec_Yds,Rec_TD,Solo,Def_Int,Sk,College,,Player_NFL_Link,Player_NCAA_Link
1973,1,1,OAK,Blenda Gay,DE,22,1976,0,0,2,11,,30,0,0,0,0,0,0,0,0,0,0,0,,,,Fayetteville St.,,/players/G/GayxBl20.htm,
1974,1,1,CIN,Clint Longley ,QB,22,1976,0,0,0,2,,9,31,68,441,5,4,11,21,0,0,0,0,,,,Abilene Christian,,/players/L/LongCl00.htm,
1977,4,1,SEA,Al Hunter,RB,22,1980,0,0,0,9,9,52,0,0,0,0,0,180,715,4,27,331,0,,,,Notre Dame,College Stats,/players/H/HuntAl00.htm,http://www.sports-reference.com/cfb/players/al-hunter-1.html
1978,10,1,HOU,Johnnie Dirden,WR,26,1981,0,0,0,0,0,26,0,0,0,0,0,0,0,0,0,0,0,,,,Sam Houston St.,,/players/D/DirdJo20.htm,
1978,Rnd,Pick,Tm,Player,Pos,Age,To,AP1,PB,St,CarAV,DrAV,G,Cmp,Att,Yds,TD,Int,Att,Yds,TD,Rec,Yds,TD,,Int,Sk,College/Univ,,,
1978,12,2,SFO,Rod Connors,RB,,,0,0,0,,,,,,,,,,,,,,,,,,USC,College Stats,,http://www.sports-reference.com/cfb/players/rod-connors-1.html
1979,6,1,BUF,Rod Stewart,RB,,,0,0,0,,,,,,,,,,,,,,,,,,Kentucky,College Stats,,http://www.sports-reference.com/cfb/players/rod-stewart-2.html
1980,7,1,ATL,Matthew Teague,LB,21,1981,0,0,0,1,1,11,0,0,0,0,0,0,0,0,0,0,0,,,,Prairie View A&M,,/players/T/TeagMa20.htm,
1980,Rnd,Pick,Tm,Player,Pos,Age,To,AP1,PB,St,CarAV,DrAV,G,Cmp,Att,Yds,TD,Int,Att,Yds,TD,Rec,Yds,TD,,Int,Sk,College/Univ,,,
1980,9,2,SDG,Billy Mullins,WR,,,0,0,0,,,,,,,,,,,,,,,,,,USC,College Stats,,http://www.sports-reference.com/cfb/players/wayne-hamilton-1.html
1981,1,1,NOR,Dave Wilson,QB,22,1988,0,0,2,16,16,53,551,1039,6987,36,55,45,23,2,0,0,0,,,,Illinois,College Stats,/players/W/WilsDa00.htm,http://www.sports-reference.com/cfb/players/dave-wilson-3.html
1981,Rnd,Pick,Tm,Player,Pos,Age,To,AP1,PB,St,CarAV,DrAV,G,Cmp,Att,Yds,TD,Int,Att,Yds,TD,Rec,Yds,TD,,Int,Sk,College/Univ,,,
1981,11,2,NWE,Chy Davidson,WR,22,1985,0,0,0,0,,4,0,0,0,0,0,0,0,0,0,0,0,,,,Rhode Island,,/players/D/DaviCh20.htm,
1982,9,1,DET,Kevin Robinson,DB,,,0,0,0,,,,,,,,,,,,,,,,,,North Carolina A&T,College Stats,,http://www.sports-reference.com/cfb/players/phil-bates-2.html
1984,1,1,TAM,Steve Young,QB,22,1999,3,7,9,135,7,169,2667,4149,33124,232,107,722,4239,43,2,2,0,,,,BYU,College Stats,/players/Y/YounSt00.htm,http://www.sports-reference.com/cfb/players/steve-young-2.html
1984,1,2,HOU,Mike Rozier,RB,23,1991,0,2,4,34,27,92,1,1,13,0,0,1159,4462,30,90,715,1,,,,Nebraska,College Stats,/players/R/RoziMi00.htm,http://www.sports-reference.com/cfb/players/mike-rozier-1.html
1984,1,3,NYG,Gary Zimmerman,T,22,1997,3,7,12,111,,184,0,0,0,0,0,0,0,0,0,0,0,,,,Oregon,,/players/Z/ZimmGa00.htm,
1984,1,4,PHI,Reggie White ,DE,22,2000,8,13,15,156,94,232,0,0,0,0,0,0,0,0,0,0,0,,3,198.0,Tennessee,College Stats,/players/W/WhitRe00.htm,http://www.sports-reference.com/cfb/players/reggie-white-2.html
1984,1,5,KAN,Mark Adickes,G,23,1991,0,0,4,23,23,77,0,0,0,0,0,0,0,0,1,3,1,,,,Baylor,,/players/A/AdicMa20.htm,
1984,1,6,SDG,Lee Williams,DE,21,1993,0,2,6,54,48,140,0,0,0,0,0,0,0,0,0,0,0,,2,82.5,Bethune-Cookman,,/players/W/WillLe01.htm,
1984,1,7,CIN,Wayne Peace,QB,,,0,0,0,,,,,,,,,,,,,,,,,,Florida,College Stats,,http://www.sports-reference.com/cfb/players/wayne-peace-1.html
1984,1,8,IND,Paul Bergmann,TE,,,0,0,0,,,,,,,,,,,,,,,,,,UCLA,College Stats,,http://www.sports-reference.com/cfb/players/paul-bergmann-1.html
1984,1,9,ATL,Joey Jones,WR,21,1986,0,0,0,1,1,11,0,0,0,0,0,1,7,0,7,141,0,,,,Alabama,College Stats,/players/J/JoneJo23.htm,http://www.sports-reference.com/cfb/players/joey-jones-1.html
1984,1,10,NYJ,Ken Hobart,QB,,,0,0,0,,,,,,,,,,,,,,,,,,Idaho,,,
1984,1,11,CLE,Kevin Mack,RB,22,1993,0,2,6,46,46,99,0,0,0,0,0,1291,5123,46,197,1602,8,,,,Clemson,College Stats,/players/M/MackKe00.htm,http://www.sports-reference.com/cfb/players/kevin-mack-1.html
1984,1,12,GNB,Buford Jordan,RB,22,1992,0,0,1,8,,75,0,0,0,0,0,184,687,8,37,355,1,,,,McNeese St.,College Stats,/players/J/JordBu00.htm,http://www.sports-reference.com/cfb/players/buford-jordon-1.html
1984,1,13,MIN,Allanda Smith,DB,,,0,0,0,,,,,,,,,,,,,,,,,,TCU,College Stats,,http://www.sports-reference.com/cfb/players/allanda-smith-1.html
1984,1,14,BUF,Dwight Drane,DB,22,1991,0,0,1,5,5,82,0,0,0,0,0,0,0,0,0,0,0,,1,2.0,Oklahoma,,/players/D/DranDw20.htm,
1984,1,15,NOR,Vaughan Johnson ,LB,22,1994,0,4,7,60,60,124,0,0,0,0,0,0,0,0,0,0,0,,4,12.0,North Carolina St.,,/players/J/JohnVa01.htm,
1984,1,16,NWE,Ricky Sanders ,WR,23,1995,0,0,4,52,,134,1,1,32,0,0,23,94,1,483,6477,37,,,,Texas St.,,/players/S/SandRi00.htm,
1984,1,17,STL,Mike Ruether,G,21,1993,0,0,0,4,0,103,0,0,0,0,0,0,0,0,1,22,0,,,,Texas,,/players/R/RuetMi20.htm,
1984,1,18,CLE,Mike Johnson,LB,21,1995,0,2,8,61,46,144,0,0,0,0,0,0,0,0,0,0,0,,13,14.5,Virginia Tech,,/players/J/JohnMi00.htm,
1984,1,19,DEN,Freddie Gilbert,DE,22,1989,0,0,0,6,6,37,0,0,0,0,0,0,0,0,0,0,0,,,5.0,Georgia,,/players/G/GilbFr20.htm,
1984,1,20,DET,Al Williams,WR,22,1987,0,0,0,2,,3,0,0,0,0,0,1,11,0,12,247,1,,,,Nevada,,/players/W/WillAl20.htm,
1984,1,21,RAM,William Fuller,DE,22,1998,0,4,10,74,,194,0,0,0,0,0,0,0,0,0,0,0,,2,100.5,North Carolina,College Stats,/players/F/FullWi00.htm,http://www.sports-reference.com/cfb/players/william-fuller-1.html
1984,1,22,SEA,Gordon Hudson,TE,22,1986,0,0,0,1,1,16,0,0,0,0,0,0,0,0,13,131,1,,,,BYU,College Stats,/players/H/HudsGo00.htm,http://www.sports-reference.com/cfb/players/gordon-hudson-1.html
1984,1,23,PIT,Duane Gunn,WR,,,0,0,0,,,,,,,,,,,,,,,,,,Indiana,,,
1984,1,24,SFO,Derrick Crawford ,WR,24,1986,0,0,0,1,1,10,0,0,0,0,0,0,0,0,5,70,0,,,,Memphis,College Stats,/players/C/CrawDe21.htm,http://www.sports-reference.com/cfb/players/derrick-crawford-1.html
1984,1,25,DAL,Todd Fowler,TE,22,1988,0,0,0,1,1,52,0,0,0,0,0,16,36,0,17,113,0,,,,S.F. Austin,,/players/F/FowlTo00.htm,
1984,1,26,MIA,Danny Knight,WR,,,0,0,0,,,,,,,,,,,,,,,,,,Mississippi St.,College Stats,,http://www.sports-reference.com/cfb/players/danny-knight-1.html
1984,1,27,WAS,Tony Zendejas,K,24,1995,0,0,0,27,,149,1,2,-7,0,1,0,0,0,0,0,0,,,,Nevada,,/players/Z/zendeton01.htm,
1984,1,28,RAI,Chris Woods,WR,22,1989,0,0,0,0,0,12,0,0,0,0,0,0,0,0,1,14,0,,,,Auburn,College Stats,/players/W/WoodCh20.htm,http://www.sports-reference.com/cfb/players/chris-woods-2.html
1984,Rnd,Pick,Tm,Player,Pos,Age,To,AP1,PB,St,CarAV,DrAV,G,Cmp,Att,Yds,TD,Int,Att,Yds,TD,Rec,Yds,TD,,Int,Sk,College/Univ,,,
1984,2,29,HOU,Don Maggs,T,22,1994,0,0,3,24,24,110,0,0,0,0,0,0,0,0,0,0,0,,,,Tulane,,/players/M/MaggDo20.htm,
1984,2,30,TAM,Kevin Nelson,RB,,,0,0,0,,,,,,,,,,,,,,,,,,UCLA,College Stats,,http://www.sports-reference.com/cfb/players/kevin-nelson-1.html
1984,2,31,NYG,James Robinson,DT,,,0,0,0,,,,,,,,,,,,,,,,,,Clemson,College Stats,,http://www.sports-reference.com/cfb/players/clint-harris-1.html
1984,2,32,PHI,Darryl Goodlow,LB,23,1987,0,0,0,1,,2,0,0,0,0,0,0,0,0,0,0,0,,,,Oklahoma,,/players/G/GoodDa20.htm,
1984,2,33,SDG,Steve Smith,QB,,,0,0,0,,,,,,,,,,,,,,,,,,Michigan,,,
1984,2,34,KAN,Lupe Sanchez,DB,22,1988,0,0,0,0,,39,0,0,0,0,0,0,0,0,0,0,0,,4,,UCLA,,/players/S/SancLu20.htm,
1984,2,35,IND,Albert Bentley,RB,24,1992,0,0,2,35,35,90,1,3,6,0,0,526,2355,19,226,2245,8,,,,Miami (FL),College Stats,/players/B/BentAl00.htm,http://www.sports-reference.com/cfb/players/albert-bentley-1.html
1984,2,36,ATL,Mike McInnis,DT,,,0,0,0,,,,,,,,,,,,,,,,,,Ark-Pine Bluff,,,
1984,2,37,NYJ,Jim Sandusky,WR,,,0,0,0,,,,,,,,,,,,,,,,,,San Diego St.,College Stats,,http://www.sports-reference.com/cfb/players/jim-sandusky-2.html
1984,2,38,CIN,Bill Johnson ,RB,23,1987,0,0,0,4,4,38,0,0,0,0,0,86,475,1,16,122,0,,,,Arkansas St.,College Stats,/players/J/JohnBi00.htm,http://www.sports-reference.com/cfb/players/bill-johnson-2.html
1984,2,39,GNB,Chuck Clanton,DB,22,1985,0,0,0,0,0,3,0,0,0,0,0,0,0,0,0,0,0,,,,Auburn,College Stats,/players/C/ClanCh20.htm,http://www.sports-reference.com/cfb/players/chuck-clanton-1.html
1984,2,40,MIN,Robert Smith,DE,21,1985,0,0,0,1,1,16,0,0,0,0,0,0,0,0,0,0,0,,,,Grambling St.,,/players/S/SmitRo22.htm,
1984,2,41,BUF,Darryl Hart,DB,,,0,0,0,,,,,,,,,,,,,,,,,,Lane,,,
1984,2,42,NOR,Mel Gray,RB,23,1997,3,4,0,11,3,169,0,0,0,0,0,19,99,1,13,164,0,,,,Purdue,College Stats,/players/G/GrayMe00.htm,http://www.sports-reference.com/cfb/players/mel-gray-2.html
1984,2,43,NWE,Eric Jordan,RB,,,0,0,0,,,,,,,,,,,,,,,,,,Purdue,College Stats,,http://www.sports-reference.com/cfb/players/eric-jordan-2.html
1984,2,44,CLE,Gerald McNeil,WR,22,1990,0,1,0,6,6,76,0,0,0,0,0,4,61,0,29,380,2,,,,Baylor,College Stats,/players/M/McNeGe00.htm,http://www.sports-reference.com/cfb/players/gerald-mcneil-1.html
1984,2,45,STL,Derek Kennard,G,21,1996,0,0,8,50,25,134,0,0,0,0,0,0,0,0,1,-3,0,,,,Nevada,,/players/K/KennDe20.htm,
1984,2,46,DEN,Rick Massie,WR,24,1988,0,0,0,2,2,13,0,0,0,0,0,0,0,0,16,283,4,,,,Kentucky,College Stats,/players/M/MassRi20.htm,http://www.sports-reference.com/cfb/players/rick-massie-1.html
1984,2,47,DET,George Jamison,LB,21,1998,0,0,7,45,33,162,0,0,0,0,0,0,0,0,0,0,0,,9,20.5,Cincinnati,College Stats,/players/J/JamiGe20.htm,http://www.sports-reference.com/cfb/players/george-jamison-2.html
1984,2,48,RAM,Rick Johnson,QB,,,0,0,0,,,,,,,,,,,,,,,,,,Southern Illinois,College Stats,,http://www.sports-reference.com/cfb/players/richard-johnson-3.html
1984,2,49,SEA,Alvin Powell,G,24,1989,0,0,0,0,0,20,0,0,0,0,0,0,0,0,0,0,0,,,,Winston-Salem St.,,/players/P/PoweAl20.htm,
1984,2,50,CLE,Tommy Robison,LB,22,1989,0,0,0,1,,12,0,0,0,0,0,0,0,0,0,0,0,,,,Texas A&M,,/players/R/RobiTo21.htm,
1984,2,51,SFO,Joe Conwell,T,23,1987,0,0,1,12,,28,0,0,0,0,0,0,0,0,0,0,0,,,,North Carolina,,/players/C/ConwJo20.htm,
1984,2,52,PIT,Tom Dixon,C,,,0,0,0,,,,,,,,,,,,,,,,,,Michigan,,,
1984,2,53,MIA,Dewey Forte,DE,,,0,0,0,,,,,,,,,,,,,,,,,,Bethune-Cookman,,,
1984,2,54,DAL,Malcolm Moore,WR,23,1987,0,0,0,1,,3,0,0,0,0,0,0,0,0,6,107,1,,,,USC,College Stats,/players/M/MoorMa21.htm,http://www.sports-reference.com/cfb/players/malcolm-moore-1.html
1984,2,55,WAS,Gary Clark,WR,22,1995,1,4,9,86,75,167,0,0,0,0,0,11,54,0,699,10856,65,,,,James Madison,,/players/C/ClarGa00.htm,
1984,2,56,RAI,Stewart Hill,LB,,,0,0,0,,,,,,,,,,,,,,,,,,Washington,,,
1984,Rnd,Pick,Tm,Player,Pos,Age,To,AP1,PB,St,CarAV,DrAV,G,Cmp,Att,Yds,TD,Int,Att,Yds,TD,Rec,Yds,TD,,Int,Sk,College/Univ,,,
1984,3,57,TAM,Alex Clark,DB,,,0,0,0,,,,,,,,,,,,,,,,,,LSU,College Stats,,http://www.sports-reference.com/cfb/players/alex-clark-1.html
1984,3,58,HOU,Lynn Madsen,DT,24,1986,0,0,0,1,1,15,0,0,0,0,0,0,0,0,0,0,0,,,1.0,Washington,,/players/M/MadsLy20.htm,
1984,3,59,NYG,Kirby Warren,RB,,,0,0,0,,,,,,,,,,,,,,,,,,Pacific,College Stats,,http://www.sports-reference.com/cfb/players/kirby-warren-1.html
1984,3,60,PHI,Thomas Carter,LB,,,0,0,0,,,,,,,,,,,,,,,,,,San Diego St.,College Stats,,http://www.sports-reference.com/cfb/players/thomas-carter-1.html
1984,3,61,KAN,Garcia Lane,DB,22,1987,0,0,0,0,0,17,0,0,0,0,0,0,0,0,0,0,0,,,0.5,Ohio St.,,/players/L/LaneGa20.htm,
1984,3,62,SDG,Clarence Collins,WR,22,1987,0,0,0,0,,1,0,0,0,0,0,0,0,0,0,0,0,,,,Illinois St.,College Stats,/players/C/CollCl20.htm,http://www.sports-reference.com/cfb/players/clarence-collins-1.html
1984,3,63,ATL,Dennis Woodberry ,DB,23,1988,0,0,0,0,0,31,0,0,0,0,0,0,0,0,0,0,0,,2,,Southern Arkansas,,/players/W/WoodDe20.htm,
1984,3,64,NYJ,Turner Gill,QB,,,0,0,0,,,,,,,,,,,,,,,,,,Nebraska,College Stats,,http://www.sports-reference.com/cfb/players/turner-gill-1.html
1984,3,65,CIN,Tom Kilkenny,LB,,,0,0,0,,,,,,,,,,,,,,,,,,Temple,College Stats,,http://www.sports-reference.com/cfb/players/tom-kilkenny-1.html
1984,3,66,IND,Byron Smith,DE,21,1985,0,0,0,3,3,19,0,0,0,0,0,0,0,0,0,0,0,,,3.0,California,College Stats,/players/S/SmitBy20.htm,http://www.sports-reference.com/cfb/players/byron-smith-2.html
1984,3,67,MIN,David Howard,LB,22,1992,0,0,4,30,21,120,0,0,0,0,0,0,0,0,0,0,0,,5,5.5,Long Beach St.,,/players/H/HowaDa22.htm,
1984,3,68,BUF,Don Corbin,T,,,0,0,0,,,,,,,,,,,,,,,,,,Kentucky,,,
1984,3,69,NOR,Steve Bearden,LB,,,0,0,0,,,,,,,,,,,,,,,,,,Vanderbilt,College Stats,,http://www.sports-reference.com/cfb/players/steve-bearden-1.html
1984,3,70,NWE,Walter Lewis,QB,,,0,0,0,,,,,,,,,,,,,,,,,,Alabama,College Stats,,http://www.sports-reference.com/cfb/players/walter-lewis-1.html
1984,3,71,CLE,Doug West,LB,,,0,0,0,,,,,,,,,,,,,,,,,,UCLA,College Stats,,http://www.sports-reference.com/cfb/players/doug-west-2.html
1984,3,72,GNB,John Sullivan,DB,22,1987,0,0,0,0,0,16,0,0,0,0,0,0,0,0,0,0,0,,,,California,College Stats,/players/S/SullJo22.htm,http://www.sports-reference.com/cfb/players/john-sullivan-3.html
1984,3,73,STL,Tim Riordan,QB,24,1987,0,0,0,0,,1,0,1,0,0,0,1,3,0,0,0,0,,,,Temple,College Stats,/players/R/RiorTi20.htm,http://www.sports-reference.com/cfb/players/tim-riordan-1.html
1984,3,74,DET,Doug Hollie,DE,23,1988,0,0,0,0,,5,0,0,0,0,0,0,0,0,0,0,0,,,,SMU,,/players/H/HollDo20.htm,
1984,3,75,RAM,Jim Byrne,DT,,,0,0,0,,,,,,,,,,,,,,,,,,Wisconsin–LaCrosse,,,
1984,3,76,SEA,Frank Seurer,QB,22,1987,0,0,0,1,,9,26,55,340,0,4,9,33,0,0,0,0,,,,Kansas,College Stats,/players/S/SeurFr00.htm,http://www.sports-reference.com/cfb/players/frank-seurer-1.html
1984,3,77,CLE,John Bond,QB,,,0,0,0,,,,,,,,,,,,,,,,,,Mississippi St.,College Stats,,http://www.sports-reference.com/cfb/players/john-bond-3.html
1984,3,78,DEN,Reggie Smith,T,23,1987,0,0,0,0,,3,0,0,0,0,0,0,0,0,0,0,0,,,,Kansas,,/players/S/SmitRe22.htm,
1984,3,79,PIT,Phillip Boren,T,,,0,0,0,,,,,,,,,,,,,,,,,,Arkansas,,,
1984,3,80,SFO,Mark Schellen,RB,,,0,0,0,,,,,,,,,,,,,,,,,,Nebraska,College Stats,,http://www.sports-reference.com/cfb/players/mark-schellen-1.html
1984,3,81,DAL,Jeff Spek,TE,23,1986,0,0,0,0,,2,0,0,0,0,0,0,0,0,0,0,0,,,,San Diego St.,College Stats,/players/S/SpekJe20.htm,http://www.sports-reference.com/cfb/players/jeff-spek-1.html
1984,3,82,MIA,Duan Hanks,WR,,,0,0,0,,,,,,,,,,,,,,,,,,S.F. Austin,,,
1984,3,83,WAS,Clarence Verdin,WR,21,1994,0,2,1,18,1,118,0,0,0,0,0,17,167,0,82,1329,7,,,,Louisiana,,/players/V/VerdCl00.htm,
1984,3,84,RAI,James Farr,G,,,0,0,0,,,,,,,,,,,,,,,,,,Clemson,,,
1985,1,1,CLE,Bernie Kosar,QB,21,1996,0,1,7,67,64,126,1994,3365,23301,124,87,180,265,5,3,-5,0,,,,Miami (FL),College Stats,/players/K/KosaBe00.htm,http://www.sports-reference.com/cfb/players/bernie-kosar-1.html
1985,Rnd,Pick,Tm,Player,Pos,Age,To,AP1,PB,St,CarAV,DrAV,G,Cmp,Att,Yds,TD,Int,Att,Yds,TD,Rec,Yds,TD,,Int,Sk,College/Univ,,,
1985,12,2,SFO,Roosevelt Snipes,RB,,,0,0,0,,,,,,,,,,,,,,,,,,Florida St.,College Stats,,http://www.sports-reference.com/cfb/players/roosevelt-snipes-1.html
1986,7,1,PHI,Charles Crawford ,RB,22,1987,0,0,0,1,1,18,0,0,0,0,0,28,88,1,0,0,0,,,,Oklahoma St.,College Stats,/players/C/CrawCh00.htm,http://www.sports-reference.com/cfb/players/charles-crawford-3.html
1987,1,1,SEA,Brian Bosworth,LB,22,1989,0,0,2,11,11,24,0,0,0,0,0,0,0,0,0,0,0,,,4.0,Oklahoma,College Stats,/players/B/BoswBr20.htm,http://www.sports-reference.com/cfb/players/brian-bosworth-1.html
1987,Rnd,Pick,Tm,Player,Pos,Age,To,AP1,PB,St,CarAV,DrAV,G,Cmp,Att,Yds,TD,Int,Att,Yds,TD,Rec,Yds,TD,,Int,Sk,College/Univ,,,
1987,3,2,TAM,Dan Sileo,DT,23,1987,0,0,0,1,1,10,0,0,0,0,0,0,0,0,0,0,0,,,,Miami (FL),,/players/S/SileDa20.htm,
1987,Rnd,Pick,Tm,Player,Pos,Age,To,AP1,PB,St,CarAV,DrAV,G,Cmp,Att,Yds,TD,Int,Att,Yds,TD,Rec,Yds,TD,,Int,Sk,College/Univ,,,
1987,4,3,PHI,Cris Carter ,WR,21,2002,2,8,13,98,6,234,0,1,0,0,0,13,41,0,1101,13899,130,,,,Ohio St.,College Stats,/players/C/CartCr00.htm,http://www.sports-reference.com/cfb/players/cris-carter-1.html
1988,5,1,MIN,Ryan Bethea,WR,,,0,0,0,,,,,,,,,,,,,,,,,,South Carolina,College Stats,,http://www.sports-reference.com/cfb/players/ryan-bethea-1.html
1989,1,1,DAL,Steve Walsh,QB,22,1999,0,0,2,20,2,80,713,1317,7875,40,50,80,47,1,0,0,0,,,,Miami (FL),College Stats,/players/W/WalsSt00.htm,http://www.sports-reference.com/cfb/players/steve-walsh-1.html
1989,1,2,PHO,Timm Rosenbach,QB,22,1992,0,0,1,13,13,26,295,551,3676,16,24,101,507,3,0,0,0,,,,Washington St.,College Stats,/players/R/RoseTi00.htm,http://www.sports-reference.com/cfb/players/timm-rosenbach-1.html
1989,1,3,DEN,Bobby Humphrey,RB,22,1992,0,1,2,27,20,51,1,4,17,1,0,695,2857,15,100,815,2,,,,Alabama,College Stats,/players/H/HumpBo00.htm,http://www.sports-reference.com/cfb/players/bobby-humphrey-1.html
1989,Rnd,Pick,Tm,Player,Pos,Age,To,AP1,PB,St,CarAV,DrAV,G,Cmp,Att,Yds,TD,Int,Att,Yds,TD,Rec,Yds,TD,,Int,Sk,College/Univ,,,
1989,8,4,BUF,Brett Young,DT,,,0,0,0,,,,,,,,,,,,,,,,,,Oregon,College Stats,,http://www.sports-reference.com/cfb/players/brett-young-1.html
1989,Rnd,Pick,Tm,Player,Pos,Age,To,AP1,PB,St,CarAV,DrAV,G,Cmp,Att,Yds,TD,Int,Att,Yds,TD,Rec,Yds,TD,,Int,Sk,College/Univ,,,
1989,12,5,DAL,Mike Loman,RB,,,0,0,0,,,,,,,,,,,,,,,,,,Coffeyville CC,,,
1990,1,1,NYJ,Rob Moore,WR,21,1999,1,2,10,63,33,153,1,2,33,0,1,5,8,0,628,9368,49,,,,Syracuse,College Stats,/players/M/MoorRo00.htm,http://www.sports-reference.com/cfb/players/rob-moore-2.html
1990,Rnd,Pick,Tm,Player,Pos,Age,To,AP1,PB,St,CarAV,DrAV,G,Cmp,Att,Yds,TD,Int,Att,Yds,TD,Rec,Yds,TD,,Int,Sk,College/Univ,,,
1990,9,2,PHO,Willie Williams,T,23,1994,0,0,0,3,0,32,0,0,0,0,0,0,0,0,2,10,1,,,,LSU,College Stats,/players/W/WillWi20.htm,http://www.sports-reference.com/cfb/players/willie-williams-3.html
1992,1,1,NYG,Dave Brown,QB,22,2001,0,0,3,27,26,73,892,1634,10248,44,58,192,669,7,0,0,0,,,,Duke,College Stats,/players/B/BrowDa00.htm,http://www.sports-reference.com/cfb/players/dave-brown-2.html
1992,Rnd,Pick,Tm,Player,Pos,Age,To,AP1,PB,St,CarAV,DrAV,G,Cmp,Att,Yds,TD,Int,Att,Yds,TD,Rec,Yds,TD,,Int,Sk,College/Univ,,,
1992,2,2,KAN,Darren Mickell,DE,22,2001,0,0,4,28,13,89,0,0,0,0,0,0,0,0,0,0,0,,,26.0,Florida,,/players/M/MickDa20.htm,
1994,4,1,NYG,Tito Wooten,DB,22,1999,0,0,3,26,26,83,0,0,0,0,0,0,0,0,0,0,0,241,8,3.0,La-Monroe,,/players/W/WootTi20.htm,
1994,Rnd,Pick,Tm,Player,Pos,Age,To,AP1,PB,St,CarAV,DrAV,G,Cmp,Att,Yds,TD,Int,Att,Yds,TD,Rec,Yds,TD,Solo,Int,Sk,College/Univ,,,
1994,5,2,DAL,John Davis,TE,21,2002,0,0,2,5,,81,0,0,0,0,0,0,0,0,55,517,6,,,,Emporia St.,,/players/D/DaviJo00.htm,
1995,3,1,DAL,Darren Benson,DT,21,1997,0,0,0,1,1,12,0,0,0,0,0,0,0,0,0,0,0,5,,,Trinity Valley CC (TX),,/players/B/BensDa20.htm,
1998,2,1,GNB,Mike Wahle,G,21,2008,0,1,9,58,38,152,0,0,0,0,0,0,0,0,1,7,0,,,,Navy,,/players/W/WahlMi55.htm,
1998,2,2,SDG,Jamal Williams,DT,22,2010,2,3,9,66,63,164,0,0,0,0,0,0,0,0,0,0,0,345,1,13.0,Oklahoma St.,,/players/W/WillJa99.htm,
1999,4,1,NWE,J'Juan Cherry,DB,,,0,0,0,,,,,,,,,,,,,,,,,,Arizona St.,College Stats,,http://www.sports-reference.com/cfb/players/jjuan-cherry-1.html
2000,4,1,NWE,J'Juan Cherry,DB,,,0,0,0,,,,,,,,,,,,,,,,,,Arizona St.,,,
2002,6,1,HOU,Milford Brown,G,22,2008,0,0,3,18,7,53,0,0,0,0,0,0,0,0,0,0,0,,,,Florida St.,,/players/B/BrowMi21.htm,
2003,2,1,HOU,Tony Hollings,RB,21,2005,0,0,0,2,2,23,0,0,0,0,0,49,149,0,7,71,0,2,,,Georgia Tech,College Stats,/players/H/HollTo00.htm,http://www.sports-reference.com/cfb/players/tony-hollings-1.html
2005,5,1,MIA,Manuel Wright,DT,21,2007,0,0,0,0,0,9,0,0,0,0,0,0,0,0,0,0,0,3,,1.0,USC,College Stats,/players/W/WrigMa20.htm,http://www.sports-reference.com/cfb/players/manuel-wright-1.html
2006,3,1,CIN,Ahmad Brooks,LB,22,2017,0,1,6,53,3,145,0,0,0,0,0,0,0,0,0,0,0,305,3,55.0,Virginia,College Stats,/players/B/BrooAh21.htm,http://www.sports-reference.com/cfb/players/ahmad-brooks-2.html
2007,4,1,SDG,Paul Oliver,DB,23,2011,0,0,0,9,9,57,0,0,0,0,0,0,0,0,0,0,0,114,4,1.0,Georgia,College Stats,/players/O/OlivPa20.htm,http://www.sports-reference.com/cfb/players/paul-oliver-1.html
2007,Rnd,Pick,Tm,Player,Pos,Age,To,AP1,PB,St,CarAV,DrAV,G,Cmp,Att,Yds,TD,Int,Att,Yds,TD,Rec,Yds,TD,Solo,Int,Sk,College/Univ,,,
2007,5,1,BAL,Jared Gaither,T,21,2012,0,0,2,20,15,52,0,0,0,0,0,0,0,0,0,0,0,,,,Maryland,College Stats,/players/G/GaitJa20.htm,http://www.sports-reference.com/cfb/players/jared-gaither-1.html
2009,3,1,WAS,Jeremy Jarmon,DE,21,2010,0,0,0,1,1,16,0,0,0,0,0,0,0,0,0,0,0,8,,0.5,Kentucky,College Stats,/players/J/JarmJe99.htm,http://www.sports-reference.com/cfb/players/jeremy-jarmon-1.html
2010,7,1,CHI,Harvey Unga,RB,23,2012,0,0,0,0,0,,0,0,0,0,0,0,0,0,0,0,0,,,,BYU,,/players/U/UngaHa00.htm,
2010,7,1,DAL,Josh Brent,DT,22,2014,0,0,0,5,5,40,0,0,0,0,0,0,0,0,0,0,0,32,,1.5,Illinois,College Stats,/players/B/BrenJo00.htm,http://www.sports-reference.com/cfb/players/josh-brent-1.html
2011,3,1,OAK,Terrelle Pryor,QB,22,2018,0,0,2,17,7,51,175,311,1994,9,12,103,646,4,115,1563,7,,,,Ohio St.,College Stats,/players/P/PryoTe00.htm,http://www.sports-reference.com/cfb/players/terrelle-pryor-1.html
2012,2,1,CLE,Josh Gordon,WR,21,2019,1,1,4,29,19,63,0,2,0,0,1,6,89,0,247,4252,20,,,,Utah,College Stats,/players/G/GordJo02.htm,http://www.sports-reference.com/cfb/players/josh-gordon-1.html
2015,5,1,STL,Isaiah Battle,T,22,,0,0,0,,,,,,,,,,,,,,,,,,Clemson,,/players/B/BattIs00.htm,
2018,3,1,NYG,Sam Beal,DB,22,2019,0,0,0,1,1,6,0,0,0,0,0,0,0,0,0,0,0,20,,,West. Michigan,,/players/B/BealSa00.htm,
2018,Rnd,Pick,Tm,Player,Pos,Age,To,AP1,PB,St,CarAV,DrAV,G,Cmp,Att,Yds,TD,Int,Att,Yds,TD,Rec,Yds,TD,Solo,Int,Sk,College/Univ,,,
2018,6,1,WAS,Adonis Alexander,DB,21,2018,0,0,0,1,1,9,0,0,0,0,0,0,0,0,0,0,0,4,,,Virginia Tech,College Stats,/players/A/AlexAd00.htm,http://www.sports-reference.com/cfb/players/adonis-alexander-1.html
2019,5,1,ARI,Jalen Thompson,DB,21,2020,0,0,1,5,5,20,0,0,0,0,0,0,0,0,0,0,0,61,1,,Washington St.,College Stats,/players/T/ThomJa04.htm,http://www.sports-reference.com/cfb/players/jalen-thompson-2.html
